2023-05-25,09:43:49.517506

2023-05-31,22:05:58.387081

2023-05-31,22:15:45.821610

2023-06-03,13:31:55.471187

2023-06-03,13:33:43.901041

2023-06-03,13:35:09.668643

2023-06-03,13:36:04.425618

2023-06-03,13:36:33.467596

2023-06-03,13:36:52.067509

2023-06-03,13:39:37.758818

2023-06-03,13:41:57.492329

2023-06-03,13:42:36.520830

2023-06-03,13:42:53.087283

2023-06-03,13:44:03.627797

2023-06-03,13:44:20.376077

2023-06-03,13:45:07.369577

2023-06-03,13:45:39.136241

2023-06-03,13:46:06.948315

2023-06-03,13:46:19.454112

2023-06-03,13:46:36.358223

2023-06-03,13:47:01.278405

2023-06-03,13:47:55.923909

2023-06-03,13:49:01.391056

2023-06-03,13:49:10.514836

2023-06-03,13:49:39.182025

2023-06-03,13:50:12.930960

2023-06-03,13:50:54.778321

2023-06-03,13:51:06.660821

2023-06-03,13:51:14.478347

2023-06-03,13:51:25.151590

2023-06-03,13:51:41.945706

2023-06-03,13:52:31.259084

2023-06-03,13:52:40.924353

2023-06-03,13:53:36.795763

2023-06-03,13:53:44.074578

2023-06-03,13:53:49.987540

2023-06-03,13:54:05.312489

2023-06-03,13:54:18.249855

2023-06-03,13:54:32.149242

2023-06-03,13:54:49.174267

2023-06-03,13:55:14.713599

2023-06-03,13:55:28.363624

2023-06-03,13:55:36.430382

2023-06-03,13:55:46.283959

2023-06-03,13:55:56.729207

2023-06-03,13:56:08.583784

2023-06-03,13:56:25.850240

2023-06-03,13:58:04.415778

2023-06-03,13:59:55.662786

2023-06-03,14:00:08.957339

2023-06-03,14:00:21.673844

2023-06-03,14:00:52.174683

2023-06-03,14:01:25.503044

2023-06-03,15:06:52.558868

2023-06-03,15:07:58.548982

2023-06-03,15:08:07.055774

2023-06-03,15:08:49.729894

2023-06-03,15:09:05.185624

2023-06-03,15:09:50.074692

2023-06-03,15:11:30.233737

2023-06-03,15:11:40.356751

2023-06-03,15:11:44.065140

2023-06-03,15:11:52.783030

2023-06-03,15:12:58.574605

2023-06-03,15:14:30.399317

2023-06-03,15:14:55.619790

2023-06-03,15:15:05.513728

2023-06-03,15:15:23.284604

2023-06-03,15:16:13.065698

2023-06-03,15:16:21.621825

2023-06-03,15:16:28.611215

2023-06-03,15:16:36.615958

2023-06-03,15:16:52.067347

2023-06-03,15:17:26.995153

2023-06-03,15:17:30.136831

2023-06-03,15:17:33.899988

2023-06-03,15:17:48.224457

2023-06-03,15:18:11.722880

2023-06-03,15:18:12.736715

2023-06-03,15:18:25.773341

2023-06-03,15:18:27.596430

2023-06-03,15:18:36.968769

2023-06-03,15:18:55.734268

2023-06-03,15:19:09.597821

2023-06-03,15:19:13.381369

2023-06-03,15:19:19.306546

2023-06-03,15:19:26.310832

2023-06-03,15:19:29.555285

2023-06-03,15:19:32.683786

2023-06-03,15:19:35.874548

2023-06-03,15:19:39.635811

2023-06-03,15:19:46.286526

2023-06-03,15:19:52.184147

2023-06-03,15:20:22.976564

2023-06-03,15:20:30.014023

2023-06-03,15:20:34.947281

2023-06-03,15:20:41.607888

2023-06-03,15:20:44.669202

2023-06-03,15:20:59.294290

2023-06-03,15:21:05.500266

2023-06-03,15:21:27.758936

2023-06-03,15:23:44.846670

2023-06-03,15:24:00.681933

2023-06-03,15:24:57.567129

2023-06-03,15:31:35.341957

2023-06-03,17:23:15.927596

2023-06-03,17:23:19.763518

2023-06-03,17:23:22.962755

2023-06-03,17:23:35.283421

2023-06-03,17:29:16.172824

2023-06-03,17:29:27.273234

2023-06-03,17:31:40.259253

2023-06-03,17:31:49.448578

2023-06-03,17:33:57.499777

2023-06-03,17:34:05.859554

2023-06-03,17:35:22.395383

2023-06-03,17:35:37.178511

2023-06-03,17:41:07.067256

2023-06-03,17:41:10.506491

2023-06-03,17:41:25.339584

2023-06-03,17:42:20.288479

2023-06-03,17:42:36.399915

2023-06-03,17:44:05.150647

2023-06-03,17:44:12.884561

2023-06-03,18:04:47.195048

2023-06-03,18:05:36.048639

2023-06-03,18:05:38.212983

2023-06-03,18:05:46.771294

2023-06-03,18:07:02.489284

2023-06-03,18:07:32.916554

2023-06-03,18:08:28.028938

2023-06-03,18:08:45.480157

2023-06-03,18:08:51.690712

2023-06-03,18:08:56.061391

2023-06-03,18:09:20.309478

2023-06-03,18:11:49.970646

2023-06-03,18:11:56.070396

2023-06-03,18:12:13.108258

2023-06-03,18:12:18.478344

2023-06-03,18:15:32.095389

2023-06-03,18:15:51.187086

2023-06-03,18:15:56.122753

2023-06-03,21:50:43.102476

2023-06-03,21:51:01.012246

2023-06-03,21:51:37.490410

2023-06-03,21:51:48.387058

2023-06-03,22:06:27.049945

2023-06-03,22:07:11.371930

2023-06-03,22:07:24.038866

2023-06-03,22:10:06.713320

2023-06-03,22:10:26.539559

2023-06-03,22:13:15.361623

2023-06-03,22:15:11.306246

2023-06-03,22:15:17.966632

2023-06-03,22:15:32.861769

2023-06-03,22:15:53.288549

2023-06-03,22:17:27.917769

2023-06-03,22:32:44.849681

2023-06-03,22:39:26.043440

2023-06-03,22:39:47.289258

2023-06-03,22:40:21.313102

2023-06-03,22:40:29.778620

2023-06-03,22:40:36.585820

2023-06-03,22:40:42.013562

2023-06-03,22:40:51.265257

2023-06-03,22:40:56.593400

2023-06-03,22:41:01.483219

2023-06-03,22:41:18.515847

2023-06-03,22:42:45.786720

2023-06-03,22:43:03.877650

2023-06-03,22:43:12.242585

2023-06-03,22:43:15.014398

2023-06-03,22:43:57.276782

2023-06-04,09:47:11.827385

2023-06-04,21:32:03.056424

2023-06-05,17:49:12.699495

2023-06-05,18:16:26.678831

2023-06-05,21:14:12.793584

absolute.tech4us@gmail.com,2023-06-05,21:17:20.643941

pran@g,2023-06-05,21:17:35.960425

test@test.com,2023-06-05,21:17:48.968629

pran@g,2023-06-05,21:19:33.481725

absolute.tech4us@gmail.com,2023-06-05,21:20:24.830987

test@test.com,2023-06-05,21:20:38.159238

pran@g,2023-06-05,21:22:34.435511

pran@g,2023-06-05,21:22:54.680600

absolute.tech4us@gmail.com,2023-06-05,21:25:11.399069

absolute.tech4us@gmail.com,2023-06-05,21:44:02.739360

absolute.tech4us@gmail.com,2023-06-05,21:45:09.222422

absolute.tech4us@gmail.com,2023-06-05,21:47:30.262972

absolute.tech4us@gmail.com,2023-06-05,21:50:53.767287

absolute.tech4us@gmail.com,2023-06-05,21:51:56.969552

absolute.tech4us@gmail.com,2023-06-05,21:54:35.471260

doctor@doctor.com,2023-06-05,21:59:20.540929

doctor@doctor.com,2023-06-05,21:59:36.912109

absolute.tech4us@gmail.com,2023-06-05,22:02:54.872730

pran@g,2023-06-05,22:06:37.145272

absolute.tech4us@gmail.com,2023-06-05,22:06:57.157604

test@test.com,2023-06-05,22:07:26.917941

doctor@doctor.com,2023-06-05,22:07:46.592713

absolute.tech4us@gmail.com,2023-06-05,22:18:24.648745

absolute.tech4us@gmail.com,2023-06-05,22:25:27.331633

test@test.com,2023-06-05,22:25:53.906065

pran@g,2023-06-05,22:26:16.746861

doctor@doctor.com,2023-06-05,22:26:33.881913

doctor@doctor.com,2023-06-05,22:36:42.076644

absolute.tech4us@gmail.com,2023-06-05,22:37:57.599360

test@test.com,2023-06-05,22:38:41.993201

absolute.tech4us@gmail.com,2023-06-05,22:39:06.712828

pran@g,2023-06-05,22:46:46.434772

absolute.tech4us@gmail.com,2023-06-05,22:47:09.577995

test@test.com,2023-06-05,22:47:36.053718

doctor@doctor.com,2023-06-05,22:47:49.853673

absolute.tech4us@gmail.com,2023-06-05,22:47:57.612371

clunkycounter@gmail.com,2023-06-06,10:13:19.710206

clunkycounter@gmail.com,2023-06-06,10:15:08.189087

clunkycounter@gmail.com,2023-06-06,10:15:42.447376

clunkycounter@gmail.com,2023-06-06,10:15:52.049743

clunkycounter@gmail.com,2023-06-06,10:24:15.847262

clunkycounter@gmail.com,2023-06-06,10:24:21.964142

clunkycounter@gmail.com,2023-06-06,10:37:34.218408

clunk@g.c,2023-06-06,10:39:01.055444

clunk@g.c,2023-06-06,10:39:58.039440

clunk@g.c,2023-06-06,10:40:05.856544

ASDLFLA@G,2023-06-06,10:46:13.999819

test@test.com,2023-06-06,11:08:43.384602

test@test.com,2023-06-06,11:18:46.866434

doctor@doctor.com,2023-06-06,11:19:54.380170

clunkycounter@gmail.com,2023-06-06,11:22:39.439278

test@test.com,2023-06-06,18:35:39.732955

test@test.com,2023-06-06,18:36:19.965510

test@test.com,2023-06-06,20:04:24.379484

doctor@doctor.com,2023-06-06,20:07:23.396262

pran@g,2023-06-06,10:49:22.936163

absolute.tech4us@gmail.com,2023-06-06,10:49:39.671622

absolute.tech4us@gmail.com,2023-06-06,10:50:02.707551

doctor@doctor.com,2023-06-06,10:50:23.529808

doctor@doctor.com,2023-06-06,10:51:07.484495

doctor@doctor.com,2023-06-06,11:50:08.464649

test@test.com,2023-06-06,19:02:55.594436

test@test.com,2023-06-06,19:07:42.432916

absolute.tech4us@gmail.com,2023-06-06,19:07:54.825698

absolute.tech4us@gmail.com,2023-06-06,19:08:37.834615

absolute.tech4us@gmail.com,2023-06-06,19:27:58.179322

pat@pat.com,2023-06-06,19:34:26.059070

absolute.tech4us@gmail.com,2023-06-06,19:34:34.618632

absolute.tech4us@gmail.com,2023-06-06,19:43:30.942114

absolute.tech4us@gmail.com,2023-06-06,19:52:03.183416

absolute.tech4us@gmail.com,2023-06-06,20:00:21.854756

absolute.tech4us@gmail.com,2023-06-06,20:02:53.758988

absolute.tech4us@gmail.com,2023-06-06,20:03:22.363687

absolute.tech4us@gmail.com,2023-06-06,20:04:34.611698

pat@pat.com,2023-06-06,20:05:39.349118

pran@g,2023-06-06,10:49:22.936163

absolute.tech4us@gmail.com,2023-06-06,10:49:39.671622

absolute.tech4us@gmail.com,2023-06-06,10:50:02.707551

doctor@doctor.com,2023-06-06,10:50:23.529808

doctor@doctor.com,2023-06-06,10:51:07.484495

doctor@doctor.com,2023-06-06,11:50:08.464649

test@test.com,2023-06-06,19:02:55.594436

test@test.com,2023-06-06,19:07:42.432916

absolute.tech4us@gmail.com,2023-06-06,19:07:54.825698

absolute.tech4us@gmail.com,2023-06-06,19:08:37.834615

absolute.tech4us@gmail.com,2023-06-06,19:27:58.179322

pat@pat.com,2023-06-06,19:34:26.059070

absolute.tech4us@gmail.com,2023-06-06,19:34:34.618632

absolute.tech4us@gmail.com,2023-06-06,19:43:30.942114

absolute.tech4us@gmail.com,2023-06-06,19:52:03.183416

absolute.tech4us@gmail.com,2023-06-06,20:00:21.854756

absolute.tech4us@gmail.com,2023-06-06,20:02:53.758988

absolute.tech4us@gmail.com,2023-06-06,20:03:22.363687

absolute.tech4us@gmail.com,2023-06-06,20:04:34.611698

pat@pat.com,2023-06-06,20:05:39.349118

doctor@doctor.com,2023-06-06,20:48:01.713385

absolute.tech4us@gmail.com,2023-06-06,20:51:59.424749

doctor@doctor.com,2023-06-06,20:54:50.800691

test@test.com,2023-06-06,21:07:41.748445

test@test.com,2023-06-06,21:07:55.483034

doctor@doctor.com,2023-06-06,21:11:13.034226

absolute.tech4us@gmail.com,2023-06-08,15:06:19.958442

doctor@doctor.com,2023-06-08,15:06:43.824225

doctor@doctor.com,2023-06-08,15:11:26.515508

doctor@doctor.com,2023-06-08,15:11:41.687464

doctor@doctor.com,2023-06-08,15:12:36.286508

doctor@doctor.com,2023-06-08,15:31:37.335563

pat@pat.com,2023-06-08,15:36:42.538514

doctor@doctor.com,2023-06-08,15:37:09.769772

doctor@doctor.com,2023-06-08,15:40:32.735951

doctor@doctor.com,2023-06-08,15:45:36.573249

doctor@doctor.com,2023-06-08,15:55:12.647329

doctor@doctor.com,2023-06-08,15:59:00.577508

doctor@doctor.com,2023-06-08,16:00:31.599934

doctor@doctor.com,2023-06-08,16:01:00.843718

doctor@doctor.com,2023-06-08,16:01:43.383314

doctor@doctor.com,2023-06-08,16:03:35.620122

doctor@doctor.com,2023-06-08,16:09:05.322969

doctor@doctor.com,2023-06-08,16:12:52.503499

doctor@doctor.com,2023-06-08,16:30:57.711253

bla@bla,2023-06-08,16:35:38.935344

doctor@doctor.com,2023-06-08,16:36:03.161570

doctor@doctor.com,2023-06-08,19:27:15.260135

doctor@doctor.com,2023-06-08,19:33:16.625529

doctor@doctor.com,2023-06-08,19:34:38.079897

doctor@doctor.com,2023-06-08,19:41:27.682856

doctor@doctor.com,2023-06-08,21:13:53.770911

doctor@doctor.com,2023-06-08,21:18:27.795951

doctor@doctor.com,2023-06-08,21:36:44.090863

doctor@doctor.com,2023-06-08,21:40:17.040955

doctor@doctor.com,2023-06-08,21:46:31.577268

doctor@doctor.com,2023-06-08,21:56:35.014210

pat@pat.com,2023-06-08,22:59:29.830425

doctor@doctor.com,2023-06-08,23:07:33.327373

doctor@doctor.com,2023-06-08,23:08:44.685471

doctor@doctor.com,2023-06-08,23:09:34.346852

doctor@doctor.com,2023-06-08,23:10:01.891839

doctor@doctor.com,2023-06-09,15:57:08.867536

bla@bla.com,2023-06-09,16:16:02.412139

doctor@doctor.com,2023-06-09,16:16:19.879178

pat@pat.com,2023-06-09,17:17:15.814848

pat@pat.com,2023-06-09,17:21:35.102583

pat@pat.com,2023-06-09,17:22:02.397720

pat@pat.com,2023-06-09,17:22:14.740847

pat@pat.com,2023-06-09,17:22:15.797519

pat@pat.com,2023-06-09,17:22:26.840177

pat@pat.com,2023-06-09,17:24:05.599012

doctor@doctor.com,2023-06-09,17:24:46.888183

absolute.tech4us@gmail.com,2023-06-09,17:25:46.192886

pat@pat.com,2023-06-09,17:34:04.444875

doctor@doctor.com,2023-06-09,18:56:25.422791

doctor@doctor.com,2023-06-09,18:58:54.497969

absolute.tech4us@gmail.com,2023-06-09,19:00:21.246455

absolute.tech4us@gmail.com,2023-06-09,19:02:26.729246

mobile@mobile.com,2023-06-09,19:03:12.247591

test@test.com,2023-06-09,20:23:02.889069

test@test.com,2023-06-09,20:23:55.121039

test@test.com,2023-06-09,20:24:12.712294

test@test.com,2023-06-09,20:24:15.048761

pran@g,2023-06-09,21:12:49.192069

pran@g,2023-06-09,21:13:02.024037

pran@g,2023-06-09,21:13:34.230392

pran@g,2023-06-09,21:13:52.028038

pran@g,2023-06-09,21:13:59.324050

pran@g,2023-06-09,21:14:05.419048

pran@g,2023-06-09,21:14:17.740700

pran@g,2023-06-09,21:14:23.815808

pran@g,2023-06-09,21:14:35.420873

pran@g,2023-06-09,21:14:56.591960

pran@g,2023-06-09,21:16:43.344591

doctor@doctor.com,2023-06-11,16:58:07.309616

pat@pat.com,2023-06-11,17:16:09.692371

absolute.tech4us@gmail.com,2023-06-11,17:31:42.441187

absolute.tech4us@gmail.com,2023-06-11,17:40:33.048037

pat@pat.com,2023-06-11,17:41:52.827305

pat@pat.com,2023-06-11,18:01:04.403280

pat@pat.com,2023-06-11,18:31:14.633566

pat@pat.com,2023-06-11,18:33:39.844679

pat@pat.com,2023-06-11,18:34:17.479697

absolute.tech4us@gmail.com,2023-06-11,18:35:18.633362

pat@pat.com,2023-06-11,18:35:28.571976

pat@pat.com,2023-06-11,18:36:03.161295

pat@pat.com,2023-06-11,19:10:08.336750

absolute.tech4us@gmail.com,2023-06-11,19:10:16.598746

absolute.tech4us@gmail.com,2023-06-11,19:11:37.103461

doctor@doctor.com,2023-06-11,17:10:50.371819

